File Path,File Id,Class Name,Class Id,StartLine,EndLine,Cyclometric Density,Decision Density,Essential Density,Branch Count,Condition Count,Cyclometric Complexity,Decision Count,Essential Complexity,LOC,Total Operands,Total Operators,Unique Operands Count,Unique Operators Count,Halstead Difficulty,Halstead Length,Halstead Level,Halstead Programming Effort,Halstead Programming Time,Halstead Volume,Maintenance Severity,Coupling Between Objects,Fan In,Number of Children,Percentage of Pub Data,Response for Class,Weighted Methods,Defected?(false/true) 
F:\Ohjelmointi\Prest\cppParserProj\src\cppMetrics\CyclomaticComplexityMetric.java,1,.CyclomaticComplexityMetric,2,9110,9155,15,0.75,0.5714285714285714,7,3,3.066666666666667,4,9,46,15,24,13,11,6.346153846153846,39,0.1575757575757576,1.3802112417116061,0.07667840231731145,0.2174878320272834,0.6,0,0,0,0.0,4,4,false
F:\Ohjelmointi\Prest\cppParserProj\src\cppMetrics\CyclomaticComplexityMetric.java,1,.ParsedObjectManager.FunctionCall.FunctionFinder.LLOCCounter.VarFinder.CppFunc.CyclomaticComplexityMetric,288,13662,13707,15,0.75,0.5714285714285714,7,3,3.066666666666667,4,9,46,15,24,13,11,6.346153846153846,39,0.1575757575757576,1.3802112417116061,0.07667840231731145,0.2174878320272834,0.6,0,0,0,0.0,4,4,false
F:\Ohjelmointi\Prest\cppParserProj\src\cppMetrics\LOCMetrics.java,7,.LOCMetrics,8,9158,9187,10,0.0,1.0,0,0,3.0,0,10,30,18,18,8,3,3.375,36,0.2962962962962963,1.041392685158225,0.05785514917545694,0.30856079560243704,1.0,0,8,0,100.0,2,2,false
F:\Ohjelmointi\Prest\cppParserProj\src\cppMetrics\LOCMetrics.java,7,.ParsedObjectManager.FunctionCall.FunctionFinder.LLOCCounter.VarFinder.CppFunc.LOCMetrics,293,13710,13739,10,0.0,1.0,0,0,3.0,0,10,30,18,18,8,3,3.375,36,0.2962962962962963,1.041392685158225,0.05785514917545694,0.30856079560243704,1.0,0,0,0,100.0,2,2,false
F:\Ohjelmointi\Prest\cppParserProj\src\cppMetrics\ObjectOrientedMetrics.java,15,.ObjectOrientedMetrics,16,9196,9242,17,2.0,0.9375,1,2,2.764705882352941,1,16,47,11,14,4,6,8.25,25,0.1212121212121212,0.9999999999999999,0.05555555555555555,0.1212121212121212,0.9411764705882353,0,0,0,0.0,8,8,false
F:\Ohjelmointi\Prest\cppParserProj\src\cppMetrics\ObjectOrientedMetrics.java,15,.ParsedObjectManager.FunctionCall.FunctionFinder.LLOCCounter.VarFinder.CppFunc.ObjectOrientedMetrics,299,13748,13794,17,2.0,0.9375,1,2,2.764705882352941,1,16,47,11,14,4,6,8.25,25,0.1212121212121212,0.9999999999999999,0.05555555555555555,0.1212121212121212,0.9411764705882353,0,0,0,0.0,8,8,false
F:\Ohjelmointi\Prest\cppParserProj\src\cppMetrics\Result.java,25,.Result,26,9245,9247,0,0.0,1.0,0,0,Infinity,0,0,3,0,0,0,0,0.0,0,0.0,0.0,0.0,0.0,0.0,0,0,0,0.0,0,0,false
F:\Ohjelmointi\Prest\cppParserProj\src\cppMetrics\Result.java,25,.ParsedObjectManager.FunctionCall.FunctionFinder.LLOCCounter.VarFinder.CppFunc.Result,308,13797,13799,0,0.0,1.0,0,0,Infinity,0,0,3,0,0,0,0,0.0,0,0.0,0.0,0.0,0.0,0.0,0,0,0,0.0,0,0,false
F:\Ohjelmointi\Prest\cppParserProj\src\cppParser\Analyzer.java,28,.Analyzer,29,9254,9272,6,0.0,1.0,0,0,3.1666666666666665,0,6,19,4,5,4,3,1.5,9,0.6666666666666666,0.8450980400142568,0.046949891111903154,0.5633986933428379,1.0,2,0,10,100.0,1,1,false
F:\Ohjelmointi\Prest\cppParserProj\src\cppParser\Analyzer.java,28,.ParsedObjectManager.FunctionCall.FunctionFinder.LLOCCounter.VarFinder.CppFunc.Analyzer,309,13806,13824,6,0.0,1.0,0,0,3.1666666666666665,0,6,19,4,5,4,3,1.5,9,0.6666666666666666,0.8450980400142568,0.046949891111903154,0.5633986933428379,1.0,2,0,0,100.0,1,1,false
F:\Ohjelmointi\Prest\cppParserProj\src\cppParser\ClassAnalyzer.java,32,.ClassAnalyzer,33,9281,9703,127,1.4871794871794872,0.2698412698412698,90,116,3.3307086614173227,78,35,423,631,628,103,31,94.95631067961165,1259,0.010531158938704566,2.1271047983648077,0.11817248879804487,0.022400878710860918,0.2755905511811024,9,2,0,0.0,6,6,false
F:\Ohjelmointi\Prest\cppParserProj\src\cppParser\ClassAnalyzer.java,32,.ParsedObjectManager.FunctionCall.FunctionFinder.LLOCCounter.VarFinder.CppFunc.ClassAnalyzer,312,13833,14255,126,1.4871794871794872,0.264,90,116,3.357142857142857,78,34,423,631,628,103,31,94.95631067961165,1259,0.010531158938704566,2.1271047983648077,0.11817248879804487,0.022400878710860918,0.2698412698412698,9,0,0,0.0,6,6,false
F:\Ohjelmointi\Prest\cppParserProj\src\cppParser\CmdLineParameterParser.java,41,.CmdLineParameterParser,42,9712,9787,26,1.2142857142857142,0.44,14,17,2.923076923076923,14,12,76,74,70,28,12,15.857142857142856,144,0.06306306306306307,1.6020599913279623,0.08900333285155346,0.10103081026392556,0.46153846153846156,0,0,0,0.0,4,4,false
F:\Ohjelmointi\Prest\cppParserProj\src\cppParser\CmdLineParameterParser.java,41,.ParsedObjectManager.FunctionCall.FunctionFinder.LLOCCounter.VarFinder.CppFunc.CmdLineParameterParser,320,14264,14339,26,1.2142857142857142,0.44,14,17,2.923076923076923,14,12,76,74,70,28,12,15.857142857142856,144,0.06306306306306307,1.6020599913279623,0.08900333285155346,0.10103081026392556,0.46153846153846156,0,0,0,0.0,4,4,false
F:\Ohjelmointi\Prest\cppParserProj\src\cppParser\Extractor.java,47,.Extractor,48,9814,10347,150,1.6933333333333334,0.348993288590604,89,127,3.56,75,53,534,498,483,193,24,30.963730569948186,981,0.0322958500669344,2.3364597338485296,0.12980331854714053,0.07545795325180157,0.35333333333333333,11,2,0,33.333336,11,11,false
F:\Ohjelmointi\Prest\cppParserProj\src\cppParser\Extractor.java,47,.ParsedObjectManager.FunctionCall.FunctionFinder.LLOCCounter.VarFinder.CppFunc.Extractor,325,14366,14899,149,1.6933333333333334,0.34459459459459457,89,127,3.5838926174496644,75,52,534,498,483,193,24,30.963730569948186,981,0.0322958500669344,2.3364597338485296,0.12980331854714053,0.07545795325180157,0.348993288590604,11,0,0,33.333336,11,11,false
F:\Ohjelmointi\Prest\cppParserProj\src\cppParser\FileLoader.java,62,.FileLoader,63,10356,10444,25,1.25,0.5,12,15,3.56,12,13,89,47,47,23,11,11.23913043478261,94,0.08897485493230174,1.5314789170422554,0.08508216205790307,0.13626311447571324,0.52,0,2,0,0.0,4,4,false
F:\Ohjelmointi\Prest\cppParserProj\src\cppParser\FileLoader.java,62,.ParsedObjectManager.FunctionCall.FunctionFinder.LLOCCounter.VarFinder.CppFunc.FileLoader,339,14908,14996,25,1.25,0.5,12,15,3.56,12,13,89,47,47,23,11,11.23913043478261,94,0.08897485493230174,1.5314789170422554,0.08508216205790307,0.13626311447571324,0.52,0,0,0,0.0,4,4,false
F:\Ohjelmointi\Prest\cppParserProj\src\cppParser\FunctionAnalyzer.java,69,.FunctionAnalyzer,70,10459,10738,89,1.5918367346938775,0.38636363636363635,50,78,3.146067415730337,49,35,280,357,339,90,26,51.56666666666666,696,0.019392372333548805,2.0644579892269186,0.11469211051260658,0.04003473799405789,0.39325842696629215,7,6,0,0.0,8,8,false
F:\Ohjelmointi\Prest\cppParserProj\src\cppParser\FunctionAnalyzer.java,69,.ParsedObjectManager.FunctionCall.FunctionFinder.LLOCCounter.VarFinder.CppFunc.FunctionAnalyzer,345,15011,15290,88,1.5918367346938775,0.3793103448275862,50,78,3.1818181818181817,49,34,280,357,339,90,26,51.56666666666666,696,0.019392372333548805,2.0644579892269186,0.11469211051260658,0.04003473799405789,0.38636363636363635,7,0,0,0.0,8,8,false
F:\Ohjelmointi\Prest\cppParserProj\src\cppParser\InvalidParameterException.java,80,.InvalidParameterException,81,10744,10750,2,0.0,1.0,0,0,3.5,0,2,7,0,0,0,0,0.0,0,0.0,0.0,0.0,0.0,1.0,0,0,0,0.0,0,0,false
F:\Ohjelmointi\Prest\cppParserProj\src\cppParser\InvalidParameterException.java,80,.ParsedObjectManager.FunctionCall.FunctionFinder.LLOCCounter.VarFinder.CppFunc.InvalidParameterException,355,15296,15302,2,0.0,1.0,0,0,3.5,0,2,7,0,0,0,0,0.0,0,0.0,0.0,0.0,0.0,1.0,0,0,0,0.0,0,0,false
F:\Ohjelmointi\Prest\cppParserProj\src\cppParser\Main.java,83,.Main,84,10756,10795,8,0.0,0.7142857142857143,4,0,5.0,1,6,40,22,25,16,10,6.874999999999999,47,0.14545454545454548,1.414973347970818,0.07860963044282322,0.20581430515939172,0.75,1,0,0,0.0,2,2,false
F:\Ohjelmointi\Prest\cppParserProj\src\cppParser\Main.java,83,.ParsedObjectManager.FunctionCall.FunctionFinder.LLOCCounter.VarFinder.CppFunc.Main,357,15308,15347,8,0.0,0.7142857142857143,4,0,5.0,1,6,40,22,25,16,10,6.874999999999999,47,0.14545454545454548,1.414973347970818,0.07860963044282322,0.20581430515939172,0.75,1,0,0,0.0,2,2,false
F:\Ohjelmointi\Prest\cppParserProj\src\cppParser\OperatorAnalyzer.java,87,.OperatorAnalyzer,88,10805,11096,85,1.6304347826086956,0.35714285714285715,48,75,3.4352941176470586,46,31,292,278,288,59,28,65.96610169491525,566,0.015159301130524152,1.9395192526186185,0.10775106958992325,0.029401756398894783,0.36470588235294116,1,2,0,0.0,8,8,false
F:\Ohjelmointi\Prest\cppParserProj\src\cppParser\OperatorAnalyzer.java,87,.ParsedObjectManager.FunctionCall.FunctionFinder.LLOCCounter.VarFinder.CppFunc.OperatorAnalyzer,360,15357,15648,84,1.6304347826086956,0.3493975903614458,48,75,3.4761904761904763,46,30,292,278,288,59,28,65.96610169491525,566,0.015159301130524152,1.9395192526186185,0.10775106958992325,0.029401756398894783,0.35714285714285715,1,0,0,0.0,8,8,false
F:\Ohjelmointi\Prest\cppParserProj\src\cppParser\ParsedObjectManager.java,98,.ParsedObjectManager,99,0,0,19,0.0,1.0,0,0,0.0,0,19,0,15,14,3,1,2.5,29,0.4,0.6020599913279624,0.03344777729599791,0.24082399653118497,1.0,6,6,0,21.428572,0,0,false
F:\Ohjelmointi\Prest\cppParserProj\src\cppParser\ParsedObjectManager.java,98,.ParsedObjectManager.FunctionCall.FunctionFinder.LLOCCounter.VarFinder.CppFunc.ParsedObjectManager,370,0,0,14,0.0,1.0,0,0,0.0,0,14,0,15,14,3,1,2.5,29,0.4,0.6020599913279624,0.03344777729599791,0.24082399653118497,1.0,6,0,0,21.428572,0,0,false
F:\Ohjelmointi\Prest\cppParserProj\src\cppParser\PreprocessorPass.java,100,.ParsedObjectManager.PreprocessorPass,101,11142,11289,47,1.4444444444444444,0.5869565217391305,22,26,3.148936170212766,18,28,148,186,158,62,23,34.5,344,0.028985507246376812,1.9294189257142926,0.10718994031746071,0.055925186252588195,0.5957446808510638,0,2,0,20.0,6,6,false
F:\Ohjelmointi\Prest\cppParserProj\src\cppParser\PreprocessorPass.java,100,.ParsedObjectManager.FunctionCall.FunctionFinder.LLOCCounter.VarFinder.CppFunc.ParsedObjectManager.PreprocessorPass,371,15694,15841,43,1.4444444444444444,0.5476190476190477,22,26,3.441860465116279,18,24,148,186,158,62,23,34.5,344,0.028985507246376812,1.9294189257142926,0.10718994031746071,0.055925186252588195,0.5581395348837209,0,0,0,20.0,6,6,false
F:\Ohjelmointi\Prest\cppParserProj\src\cppParser\ResultExporter.java,109,.ParsedObjectManager.ResultExporter,110,11305,11587,64,1.4642857142857142,0.5079365079365079,31,41,4.421875,28,33,283,332,328,145,23,26.33103448275862,660,0.03797799895233106,2.2253092817258624,0.12362829342921458,0.0845127935699974,0.515625,4,2,0,0.0,11,11,false
F:\Ohjelmointi\Prest\cppParserProj\src\cppParser\ResultExporter.java,109,.ParsedObjectManager.FunctionCall.FunctionFinder.LLOCCounter.VarFinder.CppFunc.ParsedObjectManager.ResultExporter,379,15857,16139,62,1.4642857142857142,0.4918032786885246,31,41,4.564516129032258,28,31,283,332,328,145,23,26.33103448275862,660,0.03797799895233106,2.2253092817258624,0.12362829342921458,0.0845127935699974,0.5,4,0,0,0.0,11,11,false
F:\Ohjelmointi\Prest\cppParserProj\src\cppParser\ScopeAnalyzer.java,123,.ParsedObjectManager.ScopeAnalyzer,124,11594,11622,8,1.3333333333333333,0.5714285714285714,3,4,3.625,3,5,29,27,24,18,10,7.5,51,0.13333333333333333,1.4471580313422192,0.08039766840790107,0.19295440417896256,0.625,1,2,0,0.0,1,1,false
F:\Ohjelmointi\Prest\cppParserProj\src\cppParser\ScopeAnalyzer.java,123,.ParsedObjectManager.FunctionCall.FunctionFinder.LLOCCounter.VarFinder.CppFunc.ParsedObjectManager.ScopeAnalyzer,392,16146,16174,7,1.3333333333333333,0.5,3,4,4.142857142857143,3,4,29,27,24,18,10,7.5,51,0.13333333333333333,1.4471580313422192,0.08039766840790107,0.19295440417896256,0.5714285714285714,1,0,0,0.0,1,1,false
F:\Ohjelmointi\Prest\cppParserProj\src\cppParser\SentenceAnalyzer.java,127,.ParsedObjectManager.SentenceAnalyzer,128,11636,11777,56,1.6666666666666667,0.6545454545454545,20,30,2.5357142857142856,18,37,142,164,167,53,19,29.396226415094343,331,0.03401797175866495,1.8573324964312685,0.10318513869062602,0.06318268441004957,0.6607142857142857,6,4,0,25.0,5,5,false
F:\Ohjelmointi\Prest\cppParserProj\src\cppParser\SentenceAnalyzer.java,127,.ParsedObjectManager.FunctionCall.FunctionFinder.LLOCCounter.VarFinder.CppFunc.ParsedObjectManager.SentenceAnalyzer,395,16188,16329,43,1.6666666666666667,0.5476190476190477,20,30,3.302325581395349,18,24,142,164,167,53,19,29.396226415094343,331,0.03401797175866495,1.8573324964312685,0.10318513869062602,0.06318268441004957,0.5581395348837209,6,0,0,25.0,5,5,false
F:\Ohjelmointi\Prest\cppParserProj\src\cppParser\TypedefAnalyzer.java,135,.ParsedObjectManager.TypedefAnalyzer,136,11780,11798,7,1.5,0.6666666666666666,2,3,2.7142857142857144,2,5,19,10,10,8,8,5.0,20,0.2,1.2041199826559248,0.06689555459199582,0.24082399653118497,0.7142857142857143,0,0,0,0.0,1,1,false
F:\Ohjelmointi\Prest\cppParserProj\src\cppParser\TypedefAnalyzer.java,135,.ParsedObjectManager.FunctionCall.FunctionFinder.LLOCCounter.VarFinder.CppFunc.ParsedObjectManager.TypedefAnalyzer,402,16332,16350,6,1.5,0.6,2,3,3.1666666666666665,2,4,19,10,10,8,8,5.0,20,0.2,1.2041199826559248,0.06689555459199582,0.24082399653118497,0.6666666666666666,0,0,0,0.0,1,1,false
F:\Ohjelmointi\Prest\cppParserProj\src\cppParser\utils\Constants.java,140,.ParsedObjectManager.Constants,141,11807,11989,41,2.6923076923076925,0.525,13,35,4.463414634146342,13,22,183,181,87,129,16,11.224806201550388,268,0.08908839779005524,2.161368002234975,0.12007600012416526,0.19255281235380645,0.5365853658536586,0,0,0,100.0,6,6,false
F:\Ohjelmointi\Prest\cppParserProj\src\cppParser\utils\Constants.java,140,.ParsedObjectManager.FunctionCall.FunctionFinder.LLOCCounter.VarFinder.CppFunc.ParsedObjectManager.Constants,405,16359,16541,38,2.6923076923076925,0.4864864864864865,13,35,4.815789473684211,13,19,183,181,87,129,16,11.224806201550388,268,0.08908839779005524,2.161368002234975,0.12007600012416526,0.19255281235380645,0.5,0,0,0,100.0,6,6,false
F:\Ohjelmointi\Prest\cppParserProj\src\cppParser\utils\FunctionCall.java,148,.ParsedObjectManager.FunctionCall,149,0,0,7,0.0,1.0,0,0,0.0,0,7,0,8,8,6,1,0.6666666666666666,16,1.5,0.8450980400142567,0.04694989111190315,1.2676470600213852,1.0,0,2,0,100.0,0,0,false
F:\Ohjelmointi\Prest\cppParserProj\src\cppParser\utils\FunctionCall.java,148,.ParsedObjectManager.FunctionCall.FunctionFinder.LLOCCounter.VarFinder.CppFunc.ParsedObjectManager.FunctionCall,412,0,0,5,0.0,1.0,0,0,0.0,0,5,0,8,8,6,1,0.6666666666666666,16,1.5,0.8450980400142567,0.04694989111190315,1.2676470600213852,1.0,0,0,0,100.0,0,0,false
F:\Ohjelmointi\Prest\cppParserProj\src\cppParser\utils\FunctionFinder.java,150,.ParsedObjectManager.FunctionCall.FunctionFinder,151,0,0,5,0.0,1.0,0,0,0.0,0,5,0,8,8,7,1,0.5714285714285714,16,1.75,0.9030899869919434,0.05017166594399686,1.5804074772359011,1.0,0,2,0,20.0,0,0,false
F:\Ohjelmointi\Prest\cppParserProj\src\cppParser\utils\FunctionFinder.java,150,.ParsedObjectManager.FunctionCall.FunctionFinder.LLOCCounter.VarFinder.CppFunc.ParsedObjectManager.FunctionCall.FunctionFinder,413,0,0,5,0.0,1.0,0,0,0.0,0,5,0,8,8,7,1,0.5714285714285714,16,1.75,0.9030899869919434,0.05017166594399686,1.5804074772359011,1.0,0,0,0,20.0,0,0,false
F:\Ohjelmointi\Prest\cppParserProj\src\cppParser\utils\LLOCCounter.java,152,.ParsedObjectManager.FunctionCall.FunctionFinder.LLOCCounter,153,0,0,15,0.0,1.0,0,0,0.0,0,15,0,26,12,25,2,1.04,38,0.9615384615384616,1.4313637641589876,0.07952020911994376,1.3763113116913341,1.0,0,2,0,0.0,0,0,false
F:\Ohjelmointi\Prest\cppParserProj\src\cppParser\utils\LLOCCounter.java,152,.ParsedObjectManager.FunctionCall.FunctionFinder.LLOCCounter.VarFinder.CppFunc.ParsedObjectManager.FunctionCall.FunctionFinder.LLOCCounter,414,0,0,7,0.0,1.0,0,0,0.0,0,7,0,26,12,25,2,1.04,38,0.9615384615384616,1.4313637641589876,0.07952020911994376,1.3763113116913341,1.0,0,0,0,0.0,0,0,false
F:\Ohjelmointi\Prest\cppParserProj\src\cppParser\utils\Log.java,154,.ParsedObjectManager.FunctionCall.FunctionFinder.LLOCCounter.Log,155,12055,12102,74,1.5,0.9452054794520548,4,6,0.6486486486486487,4,70,48,24,20,14,10,8.571428571428573,44,0.11666666666666665,1.3802112417116061,0.07667840231731145,0.161024644866354,0.9459459459459459,0,0,0,100.0,5,5,false
F:\Ohjelmointi\Prest\cppParserProj\src\cppParser\utils\Log.java,154,.ParsedObjectManager.FunctionCall.FunctionFinder.LLOCCounter.VarFinder.CppFunc.ParsedObjectManager.FunctionCall.FunctionFinder.LLOCCounter.Log,415,16607,16654,16,1.5,0.7333333333333333,4,6,3.0,4,12,48,24,20,14,10,8.571428571428573,44,0.11666666666666665,1.3802112417116061,0.07667840231731145,0.161024644866354,0.75,0,0,0,100.0,5,5,false
F:\Ohjelmointi\Prest\cppParserProj\src\cppParser\utils\MacroExpander.java,161,.ParsedObjectManager.FunctionCall.FunctionFinder.LLOCCounter.MacroExpander,162,12115,12315,85,1.903225806451613,0.5476190476190477,31,59,2.364705882352941,31,47,201,244,196,79,22,33.974683544303794,440,0.029433681073025336,2.0043213737826426,0.11135118743236903,0.05899455608376631,0.5529411764705883,2,2,0,0.0,9,9,false
F:\Ohjelmointi\Prest\cppParserProj\src\cppParser\utils\MacroExpander.java,161,.ParsedObjectManager.FunctionCall.FunctionFinder.LLOCCounter.VarFinder.CppFunc.ParsedObjectManager.FunctionCall.FunctionFinder.LLOCCounter.MacroExpander,421,16667,16867,67,1.903225806451613,0.42424242424242425,31,59,3.0,31,29,201,244,196,79,22,33.974683544303794,440,0.029433681073025336,2.0043213737826426,0.11135118743236903,0.05899455608376631,0.43283582089552236,2,0,0,0.0,9,9,false
F:\Ohjelmointi\Prest\cppParserProj\src\cppParser\utils\PLOCCounter.java,189,.ParsedObjectManager.FunctionCall.FunctionFinder.LLOCCounter.PLOCCounter,190,12402,12529,66,1.7826086956521738,0.46153846153846156,34,41,1.9393939393939394,23,31,128,142,128,36,15,29.583333333333336,270,0.03380281690140845,1.7075701760979363,0.09486500978321868,0.05772068200894432,0.4696969696969697,0,2,0,50.0,4,4,false
F:\Ohjelmointi\Prest\cppParserProj\src\cppParser\utils\PLOCCounter.java,189,.ParsedObjectManager.FunctionCall.FunctionFinder.LLOCCounter.VarFinder.CppFunc.ParsedObjectManager.FunctionCall.FunctionFinder.LLOCCounter.PLOCCounter,443,16954,17081,58,1.7826086956521738,0.38596491228070173,34,41,2.206896551724138,23,23,128,142,128,36,15,29.583333333333336,270,0.03380281690140845,1.7075701760979363,0.09486500978321868,0.05772068200894432,0.39655172413793105,0,0,0,50.0,4,4,false
F:\Ohjelmointi\Prest\cppParserProj\src\cppParser\utils\StringTools.java,195,.ParsedObjectManager.FunctionCall.FunctionFinder.LLOCCounter.StringTools,196,12539,12955,200,2.238095238095238,0.46733668341708545,80,141,2.085,63,94,417,567,443,179,32,50.68156424581006,1010,0.019731040564373897,2.3242824552976926,0.12912680307209404,0.04586051140854133,0.47,0,0,0,87.5,11,11,false
F:\Ohjelmointi\Prest\cppParserProj\src\cppParser\utils\StringTools.java,195,.ParsedObjectManager.FunctionCall.FunctionFinder.LLOCCounter.VarFinder.CppFunc.ParsedObjectManager.FunctionCall.FunctionFinder.LLOCCounter.StringTools,448,17091,17507,147,2.238095238095238,0.273972602739726,80,141,2.836734693877551,63,41,417,567,443,179,32,50.68156424581006,1010,0.019731040564373897,2.3242824552976926,0.12912680307209404,0.04586051140854133,0.2789115646258503,0,0,0,87.5,11,11,false
F:\Ohjelmointi\Prest\cppParserProj\src\cppParser\utils\VarFinder.java,208,.ParsedObjectManager.FunctionCall.FunctionFinder.LLOCCounter.VarFinder,209,0,0,20,0.0,1.0,0,0,0.0,0,20,0,27,27,14,2,1.9285714285714286,54,0.5185185185185185,1.2041199826559246,0.06689555459199581,0.6243585095252943,1.0,4,8,0,0.0,0,0,false
F:\Ohjelmointi\Prest\cppParserProj\src\cppParser\utils\VarFinder.java,208,.ParsedObjectManager.FunctionCall.FunctionFinder.LLOCCounter.VarFinder.CppFunc.ParsedObjectManager.FunctionCall.FunctionFinder.LLOCCounter.VarFinder,460,0,0,18,0.0,1.0,0,0,0.0,0,18,0,27,27,14,2,1.9285714285714286,54,0.5185185185185185,1.2041199826559246,0.06689555459199581,0.6243585095252943,1.0,4,0,0,0.0,0,0,false
F:\Ohjelmointi\Prest\cppParserProj\src\cppParser\utils\parameter\FunctionCallToken.java,174,.ParsedObjectManager.FunctionCall.FunctionFinder.LLOCCounter.FunctionCallToken,175,12324,12343,7,0.0,1.0,0,0,2.857142857142857,0,7,20,3,5,3,3,1.5,8,0.6666666666666666,0.7781512503836435,0.04323062502131353,0.5187675002557623,1.0,1,0,0,100.0,2,2,false
F:\Ohjelmointi\Prest\cppParserProj\src\cppParser\utils\parameter\FunctionCallToken.java,174,.ParsedObjectManager.FunctionCall.FunctionFinder.LLOCCounter.VarFinder.CppFunc.ParsedObjectManager.FunctionCall.FunctionFinder.LLOCCounter.FunctionCallToken,432,16876,16895,7,0.0,1.0,0,0,2.857142857142857,0,7,20,3,5,3,3,1.5,8,0.6666666666666666,0.7781512503836435,0.04323062502131353,0.5187675002557623,1.0,1,0,0,100.0,2,2,false
F:\Ohjelmointi\Prest\cppParserProj\src\cppParser\utils\parameter\StringToken.java,181,.ParsedObjectManager.FunctionCall.FunctionFinder.LLOCCounter.StringToken,182,12359,12377,7,0.0,1.0,0,0,2.7142857142857144,0,7,19,3,3,2,2,1.5,6,0.6666666666666666,0.6020599913279624,0.03344777729599791,0.4013733275519749,1.0,0,0,0,100.0,2,2,false
F:\Ohjelmointi\Prest\cppParserProj\src\cppParser\utils\parameter\StringToken.java,181,.ParsedObjectManager.FunctionCall.FunctionFinder.LLOCCounter.VarFinder.CppFunc.ParsedObjectManager.FunctionCall.FunctionFinder.LLOCCounter.StringToken,437,16911,16929,7,0.0,1.0,0,0,2.7142857142857144,0,7,19,3,3,2,2,1.5,6,0.6666666666666666,0.6020599913279624,0.03344777729599791,0.4013733275519749,1.0,0,0,0,100.0,2,2,false
F:\Ohjelmointi\Prest\cppParserProj\src\cppParser\utils\parameter\VariableToken.java,186,.ParsedObjectManager.FunctionCall.FunctionFinder.LLOCCounter.VariableToken,187,12384,12396,5,0.0,1.0,0,0,2.6,0,5,13,1,1,1,1,0.5,2,2.0,0.3010299956639812,0.016723888647998956,0.6020599913279624,1.0,0,0,0,100.0,1,1,false
F:\Ohjelmointi\Prest\cppParserProj\src\cppParser\utils\parameter\VariableToken.java,186,.ParsedObjectManager.FunctionCall.FunctionFinder.LLOCCounter.VarFinder.CppFunc.ParsedObjectManager.FunctionCall.FunctionFinder.LLOCCounter.VariableToken,441,16936,16948,5,0.0,1.0,0,0,2.6,0,5,13,1,1,1,1,0.5,2,2.0,0.3010299956639812,0.016723888647998956,0.6020599913279624,1.0,0,0,0,100.0,1,1,false
F:\Ohjelmointi\Prest\cppParserProj\src\cppStructures\CppClass.java,211,.ParsedObjectManager.FunctionCall.FunctionFinder.LLOCCounter.VarFinder.CppClass,212,13001,13048,44,1.8,0.8837209302325582,5,9,1.0909090909090908,5,39,48,30,32,18,10,8.333333333333332,62,0.12000000000000001,1.4471580313422192,0.08039766840790107,0.17365896376106632,0.8863636363636364,0,10,0,0.0,2,2,false
F:\Ohjelmointi\Prest\cppParserProj\src\cppStructures\CppClass.java,211,.ParsedObjectManager.FunctionCall.FunctionFinder.LLOCCounter.VarFinder.CppFunc.ParsedObjectManager.FunctionCall.FunctionFinder.LLOCCounter.VarFinder.CppClass,461,17553,17600,14,1.8,0.6153846153846154,5,9,3.4285714285714284,5,9,48,30,32,18,10,8.333333333333332,62,0.12000000000000001,1.4471580313422192,0.08039766840790107,0.17365896376106632,0.6428571428571429,0,0,0,0.0,2,2,false
F:\Ohjelmointi\Prest\cppParserProj\src\cppStructures\CppDefine.java,217,.ParsedObjectManager.FunctionCall.FunctionFinder.LLOCCounter.VarFinder.CppDefine,218,13056,13115,39,1.0,0.9736842105263158,1,1,1.5384615384615385,1,38,60,24,20,6,5,10.0,44,0.09999999999999999,1.041392685158225,0.05785514917545694,0.1041392685158225,0.9743589743589743,0,4,0,0.0,5,5,false
F:\Ohjelmointi\Prest\cppParserProj\src\cppStructures\CppDefine.java,217,.ParsedObjectManager.FunctionCall.FunctionFinder.LLOCCounter.VarFinder.CppFunc.ParsedObjectManager.FunctionCall.FunctionFinder.LLOCCounter.VarFinder.CppDefine,466,17608,17667,19,1.0,0.9444444444444444,1,1,3.1578947368421053,1,18,60,24,20,6,5,10.0,44,0.09999999999999999,1.041392685158225,0.05785514917545694,0.1041392685158225,0.9473684210526315,0,0,0,0.0,5,5,false
F:\Ohjelmointi\Prest\cppParserProj\src\cppStructures\CppFile.java,226,.ParsedObjectManager.FunctionCall.FunctionFinder.LLOCCounter.VarFinder.CppFile,227,13126,13232,56,1.2,0.8363636363636363,11,12,1.9107142857142858,10,47,107,59,56,25,12,14.16,115,0.07062146892655367,1.568201724066995,0.08712231800372194,0.11074870932676519,0.8392857142857143,2,8,0,0.0,8,8,false
F:\Ohjelmointi\Prest\cppParserProj\src\cppStructures\CppFile.java,226,.ParsedObjectManager.FunctionCall.FunctionFinder.LLOCCounter.VarFinder.CppFunc.ParsedObjectManager.FunctionCall.FunctionFinder.LLOCCounter.VarFinder.CppFile,474,17678,17784,32,1.2,0.7096774193548387,11,12,3.34375,10,23,107,59,56,25,12,14.16,115,0.07062146892655367,1.568201724066995,0.08712231800372194,0.11074870932676519,0.71875,2,0,0,0.0,8,8,false
F:\Ohjelmointi\Prest\cppParserProj\src\cppStructures\CppFunc.java,237,.ParsedObjectManager.FunctionCall.FunctionFinder.LLOCCounter.VarFinder.CppFunc,238,0,0,75,0.0,1.0,0,0,0.0,0,75,0,10,9,5,1,1.0,19,1.0,0.7781512503836436,0.043230625021313536,0.7781512503836436,1.0,0,10,0,44.444447,0,0,false
F:\Ohjelmointi\Prest\cppParserProj\src\cppStructures\CppFunc.java,237,.ParsedObjectManager.FunctionCall.FunctionFinder.LLOCCounter.VarFinder.CppFunc.ParsedObjectManager.FunctionCall.FunctionFinder.LLOCCounter.VarFinder.CppFunc,484,0,0,9,0.0,1.0,0,0,0.0,0,9,0,10,9,5,1,1.0,19,1.0,0.7781512503836436,0.043230625021313536,0.7781512503836436,1.0,0,0,0,44.444447,0,0,false
F:\Ohjelmointi\Prest\cppParserProj\src\cppStructures\CppFuncParam.java,239,.ParsedObjectManager.FunctionCall.FunctionFinder.LLOCCounter.VarFinder.CppFunc.CppFuncParam,240,13261,13277,7,0.0,1.0,0,0,2.4285714285714284,0,7,17,7,7,5,2,1.4,14,0.7142857142857143,0.8450980400142568,0.046949891111903154,0.6036414571530406,1.0,0,8,0,100.0,0,0,false
F:\Ohjelmointi\Prest\cppParserProj\src\cppStructures\CppFuncParam.java,239,.ParsedObjectManager.FunctionCall.FunctionFinder.LLOCCounter.VarFinder.CppFunc.ParsedObjectManager.FunctionCall.FunctionFinder.LLOCCounter.VarFinder.CppFunc.CppFuncParam,485,17813,17829,7,0.0,1.0,0,0,2.4285714285714284,0,7,17,7,7,5,2,1.4,14,0.7142857142857143,0.8450980400142568,0.046949891111903154,0.6036414571530406,1.0,0,0,0,100.0,0,0,false
F:\Ohjelmointi\Prest\cppParserProj\src\cppStructures\CppNamespace.java,243,.ParsedObjectManager.FunctionCall.FunctionFinder.LLOCCounter.VarFinder.CppFunc.CppNamespace,244,13282,13289,12,0.0,1.0,0,0,0.6666666666666666,0,12,8,1,0,1,0,0.0,1,0.0,0.0,0.0,0.0,1.0,0,12,0,0.0,0,0,false
F:\Ohjelmointi\Prest\cppParserProj\src\cppStructures\CppNamespace.java,243,.ParsedObjectManager.FunctionCall.FunctionFinder.LLOCCounter.VarFinder.CppFunc.ParsedObjectManager.FunctionCall.FunctionFinder.LLOCCounter.VarFinder.CppFunc.CppNamespace,488,17834,17841,2,0.0,1.0,0,0,4.0,0,2,8,1,0,1,0,0.0,1,0.0,0.0,0.0,0.0,1.0,0,0,0,0.0,0,0,false
F:\Ohjelmointi\Prest\cppParserProj\src\cppStructures\CppScope.java,246,.ParsedObjectManager.FunctionCall.FunctionFinder.LLOCCounter.VarFinder.CppFunc.CppScope,247,13300,13474,68,1.3636363636363635,0.6865671641791045,26,30,2.573529411764706,22,47,175,90,110,36,15,18.75,200,0.05333333333333333,1.7075701760979363,0.09486500978321868,0.09107040939188993,0.6911764705882353,1,10,4,100.0,10,10,false
F:\Ohjelmointi\Prest\cppParserProj\src\cppStructures\CppScope.java,246,.ParsedObjectManager.FunctionCall.FunctionFinder.LLOCCounter.VarFinder.CppFunc.ParsedObjectManager.FunctionCall.FunctionFinder.LLOCCounter.VarFinder.CppFunc.CppScope,490,17852,18026,58,1.3636363636363635,0.631578947368421,26,30,3.0172413793103448,22,37,175,90,110,36,15,18.75,200,0.05333333333333333,1.7075701760979363,0.09486500978321868,0.09107040939188993,0.6379310344827587,1,0,0,100.0,10,10,false
F:\Ohjelmointi\Prest\cppParserProj\src\cppStructures\CppSentence.java,259,.ParsedObjectManager.FunctionCall.FunctionFinder.LLOCCounter.VarFinder.CppFunc.CppSentence,260,13480,13484,2,0.0,1.0,0,0,2.5,0,2,5,1,1,1,1,0.5,2,2.0,0.3010299956639812,0.016723888647998956,0.6020599913279624,1.0,0,0,0,100.0,0,0,false
F:\Ohjelmointi\Prest\cppParserProj\src\cppStructures\CppSentence.java,259,.ParsedObjectManager.FunctionCall.FunctionFinder.LLOCCounter.VarFinder.CppFunc.ParsedObjectManager.FunctionCall.FunctionFinder.LLOCCounter.VarFinder.CppFunc.CppSentence,502,18032,18036,2,0.0,1.0,0,0,2.5,0,2,5,1,1,1,1,0.5,2,2.0,0.3010299956639812,0.016723888647998956,0.6020599913279624,1.0,0,0,0,100.0,0,0,false
F:\Ohjelmointi\Prest\cppParserProj\src\cppStructures\CppStatement.java,261,.ParsedObjectManager.FunctionCall.FunctionFinder.LLOCCounter.VarFinder.CppFunc.CppStatement,262,13487,13489,0,0.0,1.0,0,0,Infinity,0,0,3,0,0,0,0,0.0,0,0.0,0.0,0.0,0.0,0.0,0,0,0,0.0,0,0,false
F:\Ohjelmointi\Prest\cppParserProj\src\cppStructures\CppStatement.java,261,.ParsedObjectManager.FunctionCall.FunctionFinder.LLOCCounter.VarFinder.CppFunc.ParsedObjectManager.FunctionCall.FunctionFinder.LLOCCounter.VarFinder.CppFunc.CppStatement,503,18039,18041,0,0.0,1.0,0,0,Infinity,0,0,3,0,0,0,0,0.0,0,0.0,0.0,0.0,0.0,0.0,0,0,0,0.0,0,0,false
F:\Ohjelmointi\Prest\cppParserProj\src\cppStructures\CppType.java,263,.ParsedObjectManager.FunctionCall.FunctionFinder.LLOCCounter.VarFinder.CppFunc.CppType,264,13496,13514,8,0.0,1.0,0,0,2.375,0,8,19,17,16,9,2,1.8888888888888888,33,0.5294117647058824,1.0413926851582251,0.05785514917545695,0.5513255392014134,1.0,0,0,0,100.0,0,0,false
F:\Ohjelmointi\Prest\cppParserProj\src\cppStructures\CppType.java,263,.ParsedObjectManager.FunctionCall.FunctionFinder.LLOCCounter.VarFinder.CppFunc.ParsedObjectManager.FunctionCall.FunctionFinder.LLOCCounter.VarFinder.CppFunc.CppType,504,18048,18066,8,0.0,1.0,0,0,2.375,0,8,19,17,16,9,2,1.8888888888888888,33,0.5294117647058824,1.0413926851582251,0.05785514917545695,0.5513255392014134,1.0,0,0,0,100.0,0,0,false
F:\Ohjelmointi\Prest\cppParserProj\src\cppStructures\DeferredSentence.java,267,.ParsedObjectManager.FunctionCall.FunctionFinder.LLOCCounter.VarFinder.CppFunc.DeferredSentence,268,13518,13557,11,0.0,1.0,0,0,3.6363636363636362,0,11,40,16,20,7,2,2.2857142857142856,36,0.4375,0.9542425094393248,0.05301347274662915,0.4174810978797046,1.0,2,0,0,0.0,0,0,false
F:\Ohjelmointi\Prest\cppParserProj\src\cppStructures\DeferredSentence.java,267,.ParsedObjectManager.FunctionCall.FunctionFinder.LLOCCounter.VarFinder.CppFunc.ParsedObjectManager.FunctionCall.FunctionFinder.LLOCCounter.VarFinder.CppFunc.DeferredSentence,507,18070,18109,11,0.0,1.0,0,0,3.6363636363636362,0,11,40,16,20,7,2,2.2857142857142856,36,0.4375,0.9542425094393248,0.05301347274662915,0.4174810978797046,1.0,2,0,0,0.0,0,0,false
F:\Ohjelmointi\Prest\cppParserProj\src\cppStructures\MemberVariable.java,273,.ParsedObjectManager.FunctionCall.FunctionFinder.LLOCCounter.VarFinder.CppFunc.MemberVariable,274,13577,13655,35,0.0,1.0,0,0,2.257142857142857,0,35,79,36,34,10,3,5.3999999999999995,70,0.1851851851851852,1.1139433523068367,0.06188574179482426,0.20628580598274757,1.0,0,2,0,0.0,11,11,false
F:\Ohjelmointi\Prest\cppParserProj\src\cppStructures\MemberVariable.java,273,.ParsedObjectManager.FunctionCall.FunctionFinder.LLOCCounter.VarFinder.CppFunc.ParsedObjectManager.FunctionCall.FunctionFinder.LLOCCounter.VarFinder.CppFunc.MemberVariable,511,18129,18207,33,0.0,1.0,0,0,2.393939393939394,0,33,79,36,34,10,3,5.3999999999999995,70,0.1851851851851852,1.1139433523068367,0.06188574179482426,0.20628580598274757,1.0,0,0,0,0.0,11,11,false
